{
    "predict_result": {
        "accuracy": {
            "t3": {
                "1-2-3": 10.341,
                "1-2-4": 5.1244515
            },
            "f3": {
                "1-2-3": 10.341,
                "1-2-4": 5.1244515
            },
            "t2": {
                "1-2-3": 10.341,
                "1-2-4": 5.1244515
            },
            "f2": {
                "1-2-3": 10.341,
                "1-2-4": 5.1244515
            }
        },
        "exvalue": {
            "t3": {
                "1-2-3": 10.341,
                "1-2-4": 5.1244515
            },
            "f3": {
                "1-2-3": 10.341,
                "1-2-4": 5.1244515
            },
            "t2": {
                "1-2-3": 10.341,
                "1-2-4": 5.1244515
            },
            "f2": {
                "1-2-3": 10.341,
                "1-2-4": 5.1244515
            }
        }
    }
}
